"","V4","total"
"1","@realDonaldTrump",14106218
"2","@realdonaldtrump",7159966
"3","@mippcivzla",4217090
"4","@joebiden",3486876
"5","@narendramodi",3232193
"6","@JoeBiden",1901092
"7","@potus",1750093
"8","@drericding",1045254
"9","@rwmalonemd",960583
"10","@nicolasmaduro",904206
"11","@DrRPNishank",872180
"12","@vtvcanal8",804438
"13","@kkmputrajaya",780980
"14","@aoc",697412
"15","@drdavidsamadi",690935
"16","@CNN",679706
"17","@kamalaharris",604068
"18","@LicypriyaK",579101
"19","@ProjectLincoln",535328
"20","@WHO",517395
"21","@pmoindia",506549
"22","@kylegriffin1",480448
"23","@occupydemocrats",463340
"24","@btstwt",456307
"25","@jackposobiec",433888
"26","@realcandaceo",422478
"27","@rahulgandhi",422124
"28","@disclosetv",375237
"29","@RealJamesWoods",355196
"30","@petersweden7",330162
"31","@NYGovCuomo",321033
"32","@Swamy39",319706
"33","@charliekirk11",308279
"34","@unicef",286931
"35","@BarackObama",273669
"36","@DrTedros",266338
"37","@flotus",259076
"38","@BernieSanders",234491
"39","@faheemyounus",234224
"40","@elonmusk",230583
"41","@nytimes",228177
"42","@OHmes2",227711
"43","@ConflitsFR",224356
"44","@drrpnishank",207663
"45","@KamalaHarris",207473
"46","@Ibraofficial",207316
"47","@rexchapman",193994
"48","@tarak9999",191674
"49","@govrondesantis",180041
"50","@spectatorindex",176768
"51","@dghisham",176500
"52","@manopsi",176412
"53","@zornitsaxx",166814
"54","@RealCandaceO",164374
"55","@AOC",163899
"56","@lopezobrador",159329
"57","@donwinslow",156544
"58","@BrynnTannehill",154632
"59","@skaijackson",152123
"60","@ohmes2",151758
"61","@PMOIndia",149552
"62","@sheriantoinette",148799
"63","@donaldjtrumpjr",147443
"64","@BTStwt",144579
"65","@angelicaxval",144571
"66","@gregabbotttx",143210
"67","@MikelJollett",143077
"68","@funder",142855
"69","@suthichai",142445
"70","@RahulGandhi",142265
"71","@stfunell",134474
"72","@samiam2021md",133051
"73","@ASlavitt",131967
"74","@tedlieu",131829
"75","@biondiewasabi",130084
"76","@mmpadellan",129696
"77","@cdcgov",128456
"78","@projectlincoln",127103
"79","@AISAtweets",126978
"80","@ossoff",125079
"81","@rbreich",124718
"82","@brian2grimey",124714
"83","@KKMPutrajaya",124210
"84","@chuckcallesto",123130
"85","@yzngangel",121432
"86","@unicefchief",121252
"87","@drelidavid",121204
"88","@stevenzequ",115899
"89","@gma",114580
"90","@wewantMor",114172
"91","@KILLBILLEVOL1",113243
"92","@nickiminaj",112932
"93","@randpaul",112889
"94","@Fayemous",112354
"95","@theogdc",111126
"96","@ani",110586
"97","@demetriachavon",108476
"98","@repkatieporter",107733
"99","@mxwxzz",107030
"100","@mediavenir",106905
"101","@bgluckman",105157
"102","@jimjordan",104944
"103","@lindseygrahamsc",104396
"104","@danamoralesss",104297
"105","@rekszn",103570
"106","@wendizzle",103011
"107","@btsbighit",101645
"108","@theepex",100835
"109","@realjameswoods",99943
"110","@drsimonegold",99736
"111","@BT21",99262
"112","@riotwaltz",98842
"113","@clownlito",98827
"114","@usfda",98477
"115","@miriamh13",96246
"116","@repjayapal",95344
"117","@505eunice",94156
"118","@rudygiuliani",93908
"119","@khunneung137",92718
"120","@bnodesk",92599
"121","@jocehfk",91342
"122","@ZackBornstein",90997
"123","@eugenegu",90932
"124","@bighitent",90380
"125","@curtisisbooger",90000
"126","@Abdulmir19",89834
"127","@theprincedylan",89725
"128","@RJXXIV",89499
"129","@andrewshuk2112",89218
"130","@CamealAshley",89004
"131","@migizikwe",88989
"132","@nickwiger",88927
"133","@HeavenSentMel",87053
"134","@SrBachchan",86853
"135","@MatthewACherry",86599
"136","@allareblessed",86382
"137","@JackPosobiec",86043
"138","@intothebrush",85848
"139","@moonriver365",85717
"140","@washikirei",85241
"141","@buhrooke",83531
"142","@alsoto7",82605
"143","@sugaplumami",82555
"144","@yagirlkat",82238
"145","@doctoroxford",81177
"146","@naomusiker",80809
"147","@emaperidol",80555
"148","@KyleKulinski",80390
"149","@llinwood",80278
"150","@Tgiferb",80271
"151","@BrianduNord",80022
"152","@SandeepSaurav",79285
"153","@offchainon",79245
"154","@alfredodelmazo",78772
"155","@cnn",78260
"156","@maddow",77894
"157","@mhdksafa",77882
"158","@danpriceseattle",77831
"159","@itsdryx",77638
"160","@erictile",76850
"161","@choloabel",76668
"162","@who",76630
"163","@jrnalll",76585
"164","@jodidoering",76477
"165","@jenniferjjacobs",76472
"166","@DatMichCray",75982
"167","@khetithegreat",75908
"168","@ilneroback",75859
"169","@CoachJustice10",75769
"170","@goldoveries",75664
"171","@hlgatell",74986
"172","@mrgoya01",74980
"173","@cxrpxe",74751
"174","@claytravis",74611
"175","@valeriatapia",74439
"176","@marinarasawce",74292
"177","@fvrnandaa",74281
"178","@JudahTheSimp",74141
"179","@alanaauston",73817
"180","@matthancock",72734
"181","@officialplt",72343
"182","@f8th",72293
"183","@lexilulu",71668
"184","@saysthefox",71460
"185","@jennidigital",70537
"186","@whitehouse",70366
"187","@bassbarbie182",70150
"188","@pfizer",69797
"189","@berniesanders",69204
"190","@KanganaTeam",69070
"191","@BorisJohnson",69044
"192","@DanRather",68297
"193","@siwuol",67330
"194","@paulsperry",67269
"195","@kingdeficit",67178
"196","@zachnm",66891
"197","@ishathepoet",66814
"198","@jnyjinjin",66452
"199","@MK813",66328
"200","@kiranxx",66067
"201","@oscaardiaz",65958
"202","@ellorysmith",65693
"203","@chancsmith",65229
"204","@vp",64930
"205","@forensictoxguy",64927
"206","@Loeybug",64753
"207","@mitsurutenma",64497
"208","@jemelehill",64321
"209","@essexpr",64048
"210","@bcraigv",63819
"211","@pompomcoffee",63609
"212","@eyekon131",63249
"213","@danhaelle",63199
"214","@birdexecutive",63086
"215","@dcmadness202",63011
"216","@nyshuffler",62918
"217","@DaniOliver",62577
"218","@sajidjavid",62405
"219","@emresus",62369
"220","@JJMaples55MST",62326
"221","@choibts2",62247
"222","@PlainJanie",61957
"223","@abcdrih",61923
"224","@DGHisham",61892
"225","@edmcupid",61757
"226","@stellaimmanuel",61735
"227","@borisjohnson",61498
"228","@kynjoy",61484
"229","@radseed",61457
"230","@stephenking",61388
"231","@danaoneika",61075
"232","@volinxx",60986
"233","@nicolecoyle5",60693
"234","@diayannna",60577
"235","@mkstalin",60532
"236","@Ixyaaa",59754
"237","@Toniob38",59561
"238","@BladeHalll",59272
"239","@KBSeauxluxe",59064
"240","@blendben",58776
"241","@thegallowboob",58535
"242","@yoyotrav",58174
"243","@adoraIbe",58080
"244","@sebgorka",58053
"245","@PiyushGoyal",58001
"246","@60minutes",57823
"247","@rofnl",57360
"248","@helloalegria",57319
"249","@omithewaffler",57242
"250","@bestofmarshall",57193
"251","@marcorubio",57187
"252","@justwinnie",56960
"253","@coastaleddylb",56786
"254","@WITCHTRlALS",56775
"255","@mas1z1",56497
"256","@btstwts",56468
"257","@beyabean",56393
"258","@EMRESUS",55961
"259","@AlexEdelman",55875
"260","@airaaa",55726
"261","@ifpiorg",55623
"262","@incandescent",55283
"263","@itsma",55275
"264","@IAMJADEJACKSON",55203
"265","@peytnhaag",55088
"266","@coolkidneverhot",55068
"267","@joeltkl",54838
"268","@UN",54780
"269","@HypNADic",54743
"270","@halldrunkface",54685
"271","@benoobrown",54599
"272","@craigaspencer",54569
"273","@bluebluwhale",54385
"274","@tevonblair",54187
"275","@RexChapman",54167
"276","@thinkpositiveal",54139
"277","@duttypaul",54056
"278","@ProjectJosiee",54055
"279","@hhsgov",53988
"280","@catturd2",53844
"281","@repthomasmassie",53639
"282","@TheRealHazz",53495
"283","@mintitapreview",53475
"284","@adazzlinhaze",53378
"285","@vaccinateddk",53180
"286","@jideukie",53109
"287","@jordanklepper",53108
"288","@tedcruz",52814
"289","@ampizzzle",52398
"290","@slothanova",52397
"291","@KatlynMarie06",52259
"292","@itslinzzzz",52106
"293","@Heavenlyxoxo",52056
"294","@addien90",52033
"295","@lylaconni",52026
"296","@thebklynvillain",51758
"297","@wizkidayo",51688
"298","@TuckerCarlson",51520
"299","@firstgentleman",51433
"300","@liamdunne",51071
"301","@dougmar",51025
"302","@atrupar",50935
"303","@GEMINI",50930
"304","@th0tcouture",50867
"305","@ashishkjha",50751
"306","@lincnotfound",50748
"307","@notjoss",50115
"308","@quincyhicks",50053
"309","@iamelmars",49940
"310","@nickteeev",49748
"311","@Sphiamia",49652
"312","@ray14man",49590
"313","@circleofally",49370
"314","@nampunllsprite",49320
"315","@briantylercohen",49311
"316","@eakarattkn",49264
"317","@horamiji",49061
"318","@b20e",49014
"319","@realhomomarcus",48914
"320","@jreganwilliams",48855
"321","@bobabiss",48826
"322","@masonthisis",48718
"323","@jujuchangabc",48692
"324","@jakeesther",48432
"325","@IngrahamAngle",48296
"326","@barackobama",48217
"327","@orthofl",48119
"328","@nanaicez",48052
"329","@7eandra",47966
"330","@jbrous41",47736
"331","@tinnkky",47683
"332","@OlaTinee",47417
"333","@AsiaChloeBrown",47409
"334","@bladehalll",47343
"335","@venieshaaa",47141
"336","@repswalwell",47090
"337","@khairykj",46885
"338","@swaggywille",46871
"339","@60Minutes",46811
"340","@maiwarit",46799
"341","@danrather",46626
"342","@keepoffgrass",46607
"343","@davew97",46548
"344","@kdtrey5",46527
"345","@VONN3K",46503
"346","@billiebelieves",45968
"347","@layc04",45851
"348","@phatchara3",45803
"349","@LWTPOLAROlD",45799
"350","@micahhsic",45787
"351","@herosnvrdie69",45699
"352","@renanbernardo",45588
"353","@bluskyz",45567
"354","@FirstTryKai",45238
"355","@mythinformedmke",45127
"356","@chrislhayes",45120
"357","@superm",45013
"358","@florsles",45010
"359","@baabyyast",44784
"360","@nuffsaidny",44574
"361","@SHNDY1312",44485
"362","@wangseaver",44447
"363","@carrothusband",44415
"364","@melhuman",44359
"365","@cubacooperaven",44301
"366","@teaxtarot",44267
"367","@joeblack317",44181
"368","@rockintunesman",44179
"369","@giphxyz",44153
"370","@earthangeleve",44081
"371","@maukungung",44071
"372","@Carlos4PF",44046
"373","@jordanzakarin",43894
"374","@lsabelladani",43779
"375","@wirojlak",43588
"376","@ItsJustShay",43534
"377","@mamamapounds",43322
"378","@NickHintonn",43276
"379","@joncoopertweets",43032
"380","@morekimo",42827
"381","@chloedontsurf",42641
"382","@mothcharm",42615
"383","@youniqsy",42454
"384","@tonyferraro7",42450
"385","@peachyblackg0rl",42402
"386","@lavendernvelv",42388
"387","@rebekkarnold",42371
"388","@sahelhaque",42361
"389","@bigbird",42270
"390","@EmeraldRobinson",42249
"391","@lois0112",42164
"392","@menumpahkan",42061
"393","@jessismoree",42037
"394","@warofthesuburbs",42023
"395","@maipham",42014
"396","@seattlepd",41988
"397","@briitogabiis",41938
"398","@rollingstone",41896
"399","@hausofhilton",41844
"400","@joelockhart",41759
"401","@Mexaa",41720
"402","@itsJeffTiedrich",41678
"403","@ROSNALJU",41676
"404","@jjamz",41534
"405","@poppyminp",41507
"406","@BELIFTLAB",41492
"407","@syedsaddiq",41487
"408","@tabaparanagi",41445
"409","@larissegg",41437
"410","@ralphthemouth81",41396
"411","@Iyanii",41335
"412","@mrkeels",41305
"413","@mersadeselisee",41212
"414","@kiiingkrystal",41141
"415","@jenniferatntd",41134
"416","@bettywinnn",41060
"417","@damsuran",40935
"418","@Muktab",40864
"419","@EnzDeQuay",40858
"420","@NlAMHMEALONE",40847
"421","@priteshgandhimd",40715
"422","@eliseannelee",40710
"423","@wyabritt",40691
"424","@peachcrisis",40523
"425","@thoughtgrime",40502
"426","@sarahlostctrl",40461
"427","@ongbiscuit",40421
"428","@petebuttigieg",40396
"429","@a5k1p9",40348
"430","@josstheboss",40207
"431","@callumtwalker",40206
"432","@JupiterDreamCo",40117
"433","@DarienAlexis3",40068
"434","@stayfrea",40061
"435","@GRAMMYMuseum",39955
"436","@SpookyAnarchist",39925
"437","@srinivasiyc",39910
"438","@theagathah",39893
"439","@IamAfrodisiac",39831
"440","@skzlovs",39772
"441","@metalgearobama",39702
"442","@badmamiiiii",39544
"443","@stridinstrider",39511
"444","@angeverafter",39462
"445","@tejasvisurya",39416
"446","@heavenlygrandpa",39376
"447","@deadeyebrakeman",39314
"448","@mthunderbolt",39266
"449","@katiejanee",39218
"450","@dentbear",39137
"451","@e7npiefvsdk1w6r",39117
"452","@bernalalala",39104
"453","@megswifelife",39069
"454","@arrozconitalia",38948
"455","@gellowgene",38855
"456","@lindsaydemeola",38827
"457","@Sp00kyMeadow",38764
"458","@Narrissaa",38752
"459","@bessbell",38703
"460","@kyliesparks",38368
"461","@iamsashakae",38253
"462","@rapmca",38253
"463","@BrettMau5",38246
"464","@patfanelli",38168
"465","@EduMinOfIndia",38154
"466","@berryela",38130
"467","@rhysblakely",38113
"468","@ENHYPENmembers",37962
"469","@electionwiz",37957
"470","@b",37919
"471","@heyjessgray",37866
"472","@donmoyn",37804
"473","@processic",37790
"474","@travon",37779
"475","@meloniturralde",37704
"476","@kirstiealley",37682
"477","@W",37674
"478","@janigee",37603
"479","@Mippcivzla",37563
"480","@yogrishiramdev",37510
"481","@pectumz",37431
"482","@ynsnbbb",37365
"483","@auronplay",37282
"484","@fbgwayne",37215
"485","@202natt",37152
"486","@thesarahkelly",37125
"487","@mvictoria422",37087
"488","@GutsGlamGlory",36964
"489","@scriptsbyjames",36956
"490","@misterchoux",36877
"491","@JhendersonJames",36851
"492","@jackpilled",36823
"493","@SolomonPuryear",36749
"494","@benshapiro",36736
"495","@actorsiddharth",36719
"496","@proustmalone",36703
"497","@lilbarbx2",36575
"498","@maddieevelasco",36560
"499","@tonyhawk",36551
"500","@JasmynBeKnowing",36518
"501","@wumbooty",36464
"502","@mohammadhussain",36423
"503","@mpsomerstein",36401
"504","@SenorGuapo",36372
"505","@UnkleK",36355
"506","@incredibleculk",36332
"507","@kayleighmcenany",36155
"508","@SirMowwz",36122
"509","@taratesoro",36039
"510","@derasachasauda",36016
"511","@smirhnn",35999
"512","@trixieaaang",35971
"513","@lizwheeler",35956
"514","@TristanTaylor88",35841
"515","@TheresaChapple",35767
"516","@lisalibrarian",35755
"517","@lilmsawkward",35739
"518","@chismosa",35685
"519","@sirotek",35618
"520","@imrankhanpti",35557
"521","@BeeGilly",35543
"522","@akilindo",35511
"523","@jenyjny",35506
"524","@vanxessan",35493
"525","@danteswift",35407
"526","@jenhajcak",35397
"527","@lalups",35368
"528","@NapsPartTime",35285
"529","@MateoMontana",35261
"530","@DALIZZZL",35257
"531","@LoveAndShalom",35210
"532","@plixx",35094
"533","@maryltrump",35080
"534","@careeselaroque",35035
"535","@tommobaess",34991
"536","@mrgingerbed",34981
"537","@ximenaxmartinez",34901
"538","@ashxni",34869
"539","@f0lake",34869
"540","@marklevinshow",34868
"541","@GrahamBrookie",34866
"542","@nicolesays",34853
"543","@berniespofforth",34849
"544","@cosmicblackgirl",34802
"545","@keifyb",34699
"546","@summerbrennan",34404
"547","@un",34390
"548","@betoorourke",34328
"549","@mohanadelshieky",34218
"550","@piersmorgan",34206
"551","@rileybehrens",34146
"552","@p1tchf0rkred",34133
"553","@alluarjun",34121
"554","@RepAdamSchiff",34115
"555","@EyePatchGuy",34070
"556","@imigrvnt",34027
"557","@svenantifacat",34027
"558","@hydratedangel",34000
"559","@politicsforali",33918
"560","@asaplocky",33910
"561","@jaesofamous",33898
"562","@fahyadak",33883
"563","@NathanLerner",33675
"564","@itspaolayoo",33618
"565","@OGLisaTurtle",33599
"566","@yellowtofellow",33512
"567","@hillaryclinton",33495
"568","@PawanKalyan",33449
"569","@bbytbh",33388
"570","@yongaka",33380
"571","@mookolives",33326
"572","@lifeofthornpi",33312
"573","@nocontextbrits",33164
"574","@EscaflowneClown",33097
"575","@JeffKasanoff",33083
"576","@platini954",33079
"577","@katierpacker",33005
"578","@wspieler",32934
"579","@lickks",32841
"580","@emeraldrobinson",32801
"581","@michaelpsenger",32786
"582","@slimjosa",32749
"583","@hawkescr7",32723
"584","@br0wnsga",32607
"585","@annikataraa",32602
"586","@LilNasX",32592
"587","@dejachanels",32534
"588","@michaellbonsujr",32512
"589","@nionozzi",32493
"590","@amyklobuchar",32343
"591","@meelztv",32283
"592","@pawankalyan",32216
"593","@georgetakei",32182
"594","@YoungDems4Trump",32167
"595","@czarvar",32101
"596","@lledrook",32028
"597","@gabsonclarkst",32015
"598","@DjWalt",31998
"599","@margostockdale",31957
"600","@Kingfreespeech",31886
"601","@treasuremembers",31758
"602","@kelseyobgyn",31749
"603","@mbennett9",31665
"604","@SimuLiu",31633
"605","@lmantovani",31460
"606","@jairbolsonaro",31422
"607","@AliciaForina",31406
"608","@jordanbpeterson",31379
"609","@miltsdad",31309
"610","@filmthepolicela",31244
"611","@QueenKBonita",31227
"612","@joerogan",31218
"613","@CapriCornyCait",31217
"614","@krixsna",31211
"615","@nksbakery",31198
"616","@Bamarooski",31182
"617","@sayabhullar",31080
"618","@noonluvlis",30973
"619","@poregan",30957
"620","@locationunkn0wn",30951
"621","@MarcusRashford",30940
"622","@elitelifekd",30928
"623","@landryguillen",30889
"624","@daniatomicus",30848
"625","@KyungLahCNN",30842
"626","@KarenFlemingPhD",30822
"627","@jessicaflres",30736
"628","@pngpngworld",30716
"629","@Noworriezzzz",30673
"630","@cigsaftercat",30554
"631","@icrc",30548
"632","@bugsyband",30544
"633","@RBReich",30520
"634","@wtfjummy",30493
"635","@babyb0nes",30491
"636","@gliterwrld",30477
"637","@julianem33",30451
"638","@shannonrwatts",30361
"639","@netflix",30354
"640","@bighitmusic",30333
"641","@lilnasx",30329
"642","@RobertGarciaLB",30296
"643","@unnewscentre",30234
"644","@97Vercetti",30147
"645","@snyyrid",30135
"646","@Cwells999",30110
"647","@GOPLeader",30095
"648","@rabaai",30086
"649","@emtpyvase",30049
"650","@ryanjreilly",30035
"651","@Lousimonn",29981
"652","@LocdWithNessa",29970
"653","@offtumcial",29946
"654","@ajhisnandez",29923
"655","@pippacrerar",29918
"656","@kaiseyo",29916
"657","@butantanoficial",29878
"658","@guypanupong",29774
"659","@drtedros",29758
"660","@suav3",29728
"661","@baeonda",29694
"662","@StrayKids",29674
"663","@j11nsoul",29656
"664","@mtgreenee",29650
"665","@murrymits",29629
"666","@amylstockwell",29606
"667","@SethAbramson",29482
"668","@MissLeandra",29442
"669","@badiucao",29434
"670","@jasminericegirl",29376
"671","@amandajalishaxo",29371
"672","@ArokaWrite",29343
"673","@whitneyhu",29341
"674","@davidschneider",29312
"675","@oneuvakind",29304
"676","@canadiankaymd",29256
"677","@manonelife",29230
"678","@Iamujer",29227
"679","@praisegodbarbon",29205
"680","@OriginalDWoods",29170
"681","@GRIERBOLUDO",29169
"682","@youdoingtoomuch",29106
"683","@jnguyen",29094
"684","@ihucash",29072
"685","@4realronnie",29033
"686","@mumblesj",28975
"687","@Edomex",28933
"688","@Nikhil09121",28874
"689","@jjkmaryy",28870
"690","@ffewtk",28840
"691","@saintfadumo",28822
"692","@statueofGIBerty",28813
"693","@scorpiofourth",28751
"694","@gavinnewsom",28663
"695","@wanderwaii",28644
"696","@jdaque2",28596
"697","@realrhathayaya",28535
"698","@cl0uds9",28529
"699","@Nayellimarte",28518
"700","@eyestealmemes",28463
"701","@anildash",28434
"702","@InigoAbellar",28403
"703","@skhaterboi",28316
"704","@afcd0n",28273
"705","@smtownglobal",28210
"706","@DilanTheVillain",28184
"707","@krysose",28181
"708","@falzthebahdguy",28153
"709","@chrisilluminati",28133
"710","@LazyGinger",28132
"711","@omojuwa",28131
"712","@jessicawon57",28101
"713","@SteveMartinToGo",28095
"714","@trisquire",28084
"715","@raphaelviicente",28069
"716","@dhyphenmac",28046
"717","@stevenspohn",28021
"718","@dariusthedonn",27995
"719","@gwallamagic",27927
"720","@thekaranmenon",27908
"721","@blvckcurrency",27817
"722","@cloverlm",27817
"723","@taylorinchief",27814
"724","@pongnawat",27739
"725","@serenaxm",27710
"726","@Philzadamz",27701
"727","@baejennism",27610
"728","@belldelagua",27579
"729","@nisipisa",27556
"730","@zenjournalist",27502
"731","@poshgracie",27489
"732","@blobyblo",27457
"733","@liya8th",27453
"734","@melindaperle",27354
"735","@iamajak",27352
"736","@biggeasy123",27286
"737","@autismdrmom",27257
"738","@istyleireland",27254
"739","@bfriedmandc",27197
"740","@BNODesk",27144
"741","@JustSumGuy176",27137
"742","@SkyNews",27113
"743","@AfterOrc",27107
"744","@yarotrof",27088
"745","@peterbakernyt",27023
"746","@caithuls",27007
"747","@AprilDRyan",26996
"748","@senkamalaharris",26953
"749","@alicewilder",26829
"750","@Mellazimen",26824
"751","@ItsRitz",26812
"752","@cartier2gs",26807
"753","@kneeyockartee",26798
"754","@rudybetrayed",26729
"755","@domycw",26719
"756","@leahgreenb",26657
"757","@pnvich",26656
"758","@pasteldotz",26626
"759","@zalifahms",26551
"760","@emchirinoo",26497
"761","@JRehling",26488
"762","@zubymusic",26482
"763","@giyourdad",26411
"764","@iamchocom",26409
"765","@jakelobin",26409
"766","@jobreauxx",26378
"767","@escribinista",26323
"768","@ann4castro",26275
"769","@torinickswho",26275
"770","@ceraliza",26271
"771","@lookitstaylorrr",26234
"772","@galeforcerob",26148
"773","@JEONSGOODE",26136
"774","@aziedee",26135
"775","@teeniibiomic",26115
"776","@drbriansteixner",26107
"777","@wherewomenbloom",26072
"778","@GlblCtzn",26064
"779","@kirawontmiss",26025
"780","@allisonpearson",26004
"781","@jameshamblin",25935
"782","@fayebitchin",25926
"783","@imageswift13",25921
"784","@yinyangashh",25872
"785","@blooddonorsin",25868
"786","@hallebailey",25856
"787","@noliewithbtc",25798
"788","@msjunediane",25796
"789","@hackblackburn",25783
"790","@ivybaby",25720
"791","@nnnancccy",25703
"792","@baladee8",25690
"793","@mlizza",25687
"794","@RespectableLaw",25684
"795","@movingsideways",25605
"796","@tweetatok",25604
"797","@allonso99",25603
"798","@allisonlcarter",25575
"799","@thedemonicalien",25572
"800","@vitariesocks",25543
"801","@supramantrax",25408
"802","@parismills",25403
"803","@yerrrone",25344
"804","@DWUhlfelderLaw",25236
"805","@starbuckonly",25232
"806","@katpapajohns",25211
"807","@shaunharvir",25194
"808","@catcontentonly",25168
"809","@MichaelCoudrey",25110
"810","@adrianxpression",25108
"811","@highmynameisrae",25103
"812","@ongaddict",25068
"813","@DanielLewis3",25060
"814","@robinwannabefly",25057
"815","@terryjtucker",25031
"816","@vhopehug",24992
"817","@miyaohyeah",24972
"818","@dadetrading",24964
"819","@cretinaofc",24914
"820","@refreshmintia",24905
"821","@nkhaosod",24898
"822","@WhiteHouse",24885
"823","@sonusood",24883
"824","@calgif",24875
"825","@ChicagoTraderrr",24859
"826","@impatientourist",24856
"827","@jandirafeghali",24770
"828","@idriselba",24752
"829","@cariegend",24734
"830","@iamjasonbailey",24714
"831","@andrewyang",24572
"832","@puffiya",24554
"833","@maggienyt",24542
"834","@theblondern",24542
"835","@samdylanfinch",24521
"836","@Goodable",24508
"837","@vitoriamad",24436
"838","@sleepisocialist",24426
"839","@beenherde",24411
"840","@fearlesspac",24354
"841","@govlarryhogan",24346
"842","@sayangbolekok",24341
"843","@trademarkjuice",24324
"844","@datingdecisions",24313
"845","@vonanneli",24299
"846","@grasonjant",24248
"847","@paulogustavo31",24159
"848","@geoliveiraa2",24069
"849","@nobodybutme32",24045
"850","@realphoebe",24035
"851","@waooqeshij",24028
"852","@customizemekey",23948
"853","@sitisab",23927
"854","@btsqtsarchive",23880
"855","@nonggoblinbride",23865
"856","@heylizardleigh",23833
"857","@sensherrodbrown",23799
"858","@kaofang",23790
"859","@RealMattHousley",23768
"860","@vinguptamd",23730
"861","@doctarm",23722
"862","@Mediavenir",23709
"863","@nanopierogi",23674
"864","@cuscuzete",23664
"865","@tburages",23653
"866","@nikkifried",23645
"867","@diorslxt",23630
"868","@patheneuro",23587
"869","@jujuliagrace",23570
"870","@sleeplessbkk",23567
"871","@myogiadityanath",23507
"872","@itsnella",23503
"873","@austincantdrive",23476
"874","@AnimeVibxs",23468
"875","@lakeeater",23424
"876","@goodposting",23413
"877","@typicalfeminist",23403
"878","@twitter",23381
"879","@jones",23356
"880","@liampayne",23285
"881","@jonfavs",23249
"882","@ktchkrnt",23236
"883","@abiidm786",23233
"884","@localceleb",23222
"885","@yelsew",23210
"886","@saeeddicaprio",23203
"887","@puspaswarna",23202
"888","@beyerstein",23167
"889","@thesundaytimes",23158
"890","@juinesoleil",23154
"891","@notdearjohn",23119
"892","@jimmyfucker",23082
"893","@livingin505",23052
"894","@BillGates",22960
"895","@ChennaiIPL",22960
"896","@GOPChairwoman",22914
"897","@zepotts",22893
"898","@coronafutbol",22854
"899","@JustinB84741875",22853
"900","@justiceaudre",22828
"901","@linbea945",22824
"902","@vorachatmd",22807
"903","@peoplescourt79",22788
"904","@rhebright",22750
"905","@leelecarvalho",22734
"906","@jayskuttt",22728
"907","@artisticatty",22723
"908","@theanuragtyagi",22669
"909","@rapporteurun",22620
"910","@nadiasani",22601
"911","@risutoinu",22594
"912","@imbreadanae",22589
"913","@btsarmy2018x",22537
"914","@yokekung",22531
"915","@juniorbachchan",22495
"916","@ezewriter",22481
"917","@uptightlesbian",22468
"918","@goawaywithjae",22446
"919","@veasarachfwp",22414
"920","@bombaclartt",22402
"921","@23jpeg",22385
"922","@tallsomelee",22381
"923","@mhaneemp",22346
"924","@ihyjuju",22338
"925","@bussey23",22333
"926","@cindasmommy",22314
"927","@advocatealakh",22241
"928","@AK3YN",22195
"929","@snowfoxnvb",22182
"930","@govmurphy",22180
"931","@tomaskenn",22099
"932","@themightymux",22075
"933","@nicolerusso",22039
"934","@jdoccasionally",22024
"935","@BalkanBlood",22020
"936","@ric3townfinest",21985
"937","@mhorritz",21945
"938","@motulo",21883
"939","@deebreezy415",21865
"940","@RonallChersan",21863
"941","@whatkaysays",21850
"942","@santiagorichar",21826
"943","@zackbornstein",21817
"944","@comunistabaiano",21776
"945","@variety",21746
"946","@taufiqhanafi91",21696
"947","@gluboco",21691
"948","@teddyredder",21665
"949","@ebsirivimon",21585
"950","@nerdybyptw",21584
"951","@danielkotzin",21557
"952","@LizCheney",21547
"953","@nathanheller",21528
"954","@WHOWPRO",21526
"955","@aminsyafee",21513
"956","@valkats",21475
"957","@robreiner",21430
"958","@hrisshg",21393
"959","@cleavonmd",21340
"960","@yourenotapanda",21340
"961","@offclastro",21252
"962","@lauramiers",21243
"963","@navyoo",21243
"964","@domdotty",21217
"965","@siriyonce",21208
"966","@saijaii",21186
"967","@DrJCoftheDC",21050
"968","@mikepompeo",20992
"969","@robtgibbs",20983
"970","@MissGinaDarling",20972
"971","@chainplus",20953
"972","@lolovonz",20948
"973","@govridge",20923
"974","@VP",20867
"975","@robertogarrdner",20842
"976","@yein654",20841
"977","@nanfudge",20830
"978","@kicchasudeep",20828
"979","@ygentofficial",20795
"980","@isicalynn",20783
"981","@letstalklegal",20781
"982","@marshallene",20763
"983","@ronfilipkowski",20751
"984","@universalsoftw2",20721
"985","@phntmgeek",20676
"986","@DavidDTSS",20645
"987","@CheaTaylor",20617
"988","@jennontherocks",20617
"989","@MGRADS",20603
"990","@pmcculloughmd",20564
"991","@igbuducj",20563
"992","@deadlioness",20547
"993","@ohkayx33",20531
"994","@rexfeels",20520
"995","@nowthisnews",20516
"996","@sportsjimshow",20448
"997","@sasyity",20442
"998","@lindsaytuchman",20410
"999","@coldplay",20373
"1000","@quintabrunson",20370
"1001","@aginnt",20352
"1002","@thisisnongshiba",20340
"1003","@ohhitsleek",20338
"1004","@rupertpearse",20257
"1005","@sultanoftired",20179
"1006","@abibofficial",20140
"1007","@senschumer",20118
"1008","@afrkml",20114
"1009","@champaaaaaa",20110
"1010","@yingmed",20092
"1011","@myhandsratede",20084
"1012","@gautiverse",20069
"1013","@prematurenecro",20065
"1014","@yangita",20019
"1015","@derfbackderf",20003
"1016","@msshanitarenee",19963
"1017","@quintel",19956
"1018","@boobsradley",19926
"1019","@ajbuu",19896
"1020","@plodaek",19890
"1021","@oxamafc",19817
"1022","@l2wzai",19805
"1023","@manueb98",19780
"1024","@pinksiripipat",19708
"1025","@weareoneexo",19611
"1026","@sdenta",19605
"1027","@westonpagano",19597
"1028","@wolfblitzer",19558
"1029","@auustr",19555
"1030","@meganranney",19547
"1031","@landonhowell",19473
"1032","@wisemanlhs",19455
"1033","@rsgat",19422
"1034","@th3mb0fication",19419
"1035","@lilmaddest",19397
"1036","@trisukol",19395
"1037","@packsurvival",19384
"1038","@sosocialism",19371
"1039","@jacksonwang852",19365
"1040","@panthepack",19320
"1041","@analauramendes",19315
"1042","@laventana",19290
"1043","@thethurgood",19236
"1044","@benvyle",19214
"1045","@jonnysun",19213
"1046","@simplydivine22",19172
"1047","@antonioguterres",19120
"1048","@nanaths",19118
"1049","@fertilefaith",19102
"1050","@stephenmangan",19099
"1051","@compactm1ni",19093
"1052","@ggrbty",19060
"1053","@meidastouch",19039
"1054","@xanabon",18975
"1055","@jaybumaom",18969
"1056","@nnnatene",18939
"1057","@itsnickfam",18925
"1058","@bussarinpptv",18910
"1059","@GirlNamedMarley",18842
"1060","@sebbyvi",18795
"1061","@itstarekali",18751
"1062","@thetonymorrison",18750
"1063","@tundeolaniran",18750
"1064","@realDonaldTrumps",18721
"1065","@sldussan",18701
"1066","@ivettepataki",18668
"1067","@lisiniove",18665
"1068","@treezysosa",18646
"1069","@lilcec1",18624
"1070","@kemz1",18573
"1071","@maetubtimgrob",18573
"1072","@aeshlynn",18563
"1073","@malpraxis",18562
"1074","@convictedloner",18487
"1075","@kandel",18479
"1076","@kassieepstein",18471
"1077","@fitrianizarAH",18468
"1078","@lillihopkins",18463
"1079","@amubeenpath",18425
"1080","@crockettforreal",18425
"1081","@modnoii",18412
"1082","@brianlenzkes",18398
"1083","@ddale8",18387
"1084","@madmax68176958",18356
"1085","@mrconsiderate",18333
"1086","@sherryppt",18330
"1087","@yakkinrotee",18298
"1088","@lizzard1278",18297
"1089","@anafcastela",18266
"1090","@GoughCJ",18195
"1091","@teeronnn",18194
"1092","@lauratomaslopez",18132
"1093","@jadegemrobin",18116
"1094","@joycewhitevance",18101
"1095","@clarajeffery",18059
"1096","@iarnevilo",18026
"1097","@ijbrunissima",17994
"1098","@bt21",17938
"1099","@robertkennedyjr",17914
"1100","@olarvia",17899
"1101","@petitpor",17887
"1102","@tyrieirving",17875
"1103","@ahrielnari",17862
"1104","@arianagrande",17854
"1105","@meganaronson",17835
"1106","@Ndrews1162011",17816
"1107","@OliverBecquart",17815
"1108","@rashad25",17805
"1109","@alertanews24",17721
"1110","@volunteermedth",17708
"1111","@ajvictorymd",17686
"1112","@killahbeenbee",17628
"1113","@soompi",17589
"1114","@byarena",17571
"1115","@chknuggetz",17519
"1116","@ADBoyntonII",17506
"1117","@unyankobtrd",17475
"1118","@ramseyboltin",17450
"1119","@barbiesope",17436
"1120","@ianbassin",17345
"1121","@SJPeace",17344
"1122","@jenniemandu1",17334
"1123","@HaddadFernando",17278
"1124","@verellie",17242
"1125","@koocalvins",17215
"1126","@ReicherStephen",17195
"1127","@joannamont",17181
"1128","@italianperthai",17152
"1129","@fordnation",17142
"1130","@mohaminmed",17137
"1131","@meesterleesir",17126
"1132","@realericcarmen",17117
"1133","@woonzen39",17117
"1134","@thaipbs",17091
"1135","@sabrinaamorenoo",17090
"1136","@ullissima",17074
"1137","@mariamainmo",17060
"1138","@tzbmix",17059
"1139","@yamagentapint",17059
"1140","@juptrcalls",17058
"1141","@btsislifeduh",17051
"1142","@mrmessenger",17049
"1143","@jennafortruth",17029
"1144","@nopename",17025
"1145","@BrianSimsPA",16991
"1146","@toure",16988
"1147","@petrogustavo",16984
"1148","@JulianEpp",16973
"1149","@CDCgov",16970
"1150","@199s",16964
"1151","@udawat",16964
"1152","@nutyoyo",16937
"1153","@familyguyonfox",16873
"1154","@huntichon",16868
"1155","@tompelissero",16802
"1156","@gmmtv",16797
"1157","@luchaalmada",16783
"1158","@guinapolitano",16779
"1159","@prialcantara",16775
"1160","@poketget",16774
"1161","@hshaban",16759
"1162","@neosborn",16712
"1163","@lilystgermain",16627
"1164","@epikhigz",16620
"1165","@brionna",16615
"1166","@SpeakerPelosi",16612
"1167","@123itsmemary",16552
"1168","@cutimakan",16531
"1169","@marianospinass1",16526
"1170","@jaketapper",16509
"1171","@bambiessa",16490
"1172","@jamiewithorne",16482
"1173","@mononcecouerant",16405
"1174","@cookyris",16388
"1175","@literelly",16344
"1176","@jamiemenno",16337
"1177","@ryanair",16336
"1178","@thaidansker",16308
"1179","@profmakehappy",16286
"1180","@ibaillanos",16282
"1181","@asyrafrusni94",16278
"1182","@delta",16270
"1183","@MrGee54",16252
"1184","@KyarraIman",16228
"1185","@csimmsqb",16226
"1186","@isabellafv",16219
"1187","@barvbarbis",16120
"1188","@mikedon",16100
"1189","@chrismilburnnps",16085
"1190","@hinztamara",16079
"1191","@steveschmidtses",16079
"1192","@theauguststar",16047
"1193","@nepswirldabeard",16014
"1194","@MoSpruill",16013
"1195","@marinapurkiss",16006
"1196","@mrsjmdk",15967
"1197","@andrebrandt",15966
"1198","@GregAbbottTX",15930
"1199","@mariaaveiga",15915
"1200","@camieecamm",15809
"1201","@showmetheyamz",15805
"1202","@UNICEF",15794
"1203","@talkmaster",15786
"1204","@kahonoii",15764
"1205","@pedodelaracroft",15741
"1206","@FaheemYounus",15715
"1207","@ioryhamon",15707
"1208","@btsinthemoment",15701
"1209","@heccctor11",15669
"1210","@moisturizednerd",15557
"1211","@watineecu",15550
"1212","@knoppryan",15495
"1213","@justintrudeau",15493
"1214","@omega3plus11",15486
"1215","@thecathooman",15480
"1216","@jasonhickel",15430
"1217","@CasualPS",15424
"1218","@elykreimendahl",15408
"1219","@mmithplease",15375
"1220","@neiladel",15370
"1221","@NicolaSturgeon",15335
"1222","@jaowrites",15304
"1223","@imvkohli",15233
"1224","@redzuannewsmpb",15147
"1225","@coronarifadamx",15107
"1226","@tribelaw",15076
"1227","@suriyaoffl",15074
"1228","@blackpink",15040
"1229","@rekhaberry",15028
"1230","@therealerevans",15028
"1231","@waniardy",15017
"1232","@mintynkks",14996
"1233","@chrissydee",14990
"1234","@mrsantruay",14935
"1235","@janicedean",14933
"1236","@gbnews",14847
"1237","@bocxtop",14826
"1238","@reyydrew",14824
"1239","@facuortyz",14802
"1240","@DrDenaGrayson",14798
"1241","@arvindkejriwal",14793
"1242","@ejln",14792
"1243","@doomh0und",14776
"1244","@enhypenmembers",14761
"1245","@princessmlokhia",14761
"1246","@chrisrock",14663
"1247","@nazrih",14663
"1248","@katherinenola",14617
"1249","@ingridkatzmd",14593
"1250","@cernovich",14571
"1251","@reuters",14566
"1252","@fearnleyk",14537
"1253","@crberginmd",14504
"1254","@garysheffieldjr",14442
"1255","@dykejones69",14431
"1256","@sendcats",14424
"1257","@Brado84",14412
"1258","@Dystopia992",14402
"1259","@alinao17",14384
"1260","@RyanAFournier",14343
"1261","@kemz876",14204
"1262","@4lisaguerrero",14184
"1263","@julifaita",14131
"1264","@tpagon",14123
"1265","@yungskuntebony",14122
"1266","@datukhensem",14099
"1267","@thespicequeen",14089
"1268","@TonsTweetings",14065
"1269","@nygovcuomo",14050
"1270","@wokaldistance",14036
"1271","@PugMafia2",14010
"1272","@minjinlee11",13966
"1273","@tapuyatarairiu",13964
"1274","@WesleyLowery",13933
"1275","@sisiripan",13906
"1276","@thomasvconti",13889
"1277","@poeticj59274248",13886
"1278","@maajidnawaz",13855
"1279","@AmberHobbs7",13853
"1280","@hermyrahim",13849
"1281","@aajtak",13838
"1282","@nellythamenace",13827
"1283","@anthrobalkans",13801
"1284","@gmariah",13760
"1285","@ashleysweitz",13736
"1286","@stevehanke",13731
"1287","@juliaksksks",13657
"1288","@emrhaqim",13615
"1289","@candyclover",13543
"1290","@kaitlancollins",13532
"1291","@nedajahanbani",13448
"1292","@MMarieSophie",13443
"1293","@truelaurels",13414
"1294","@ddzinha99",13408
"1295","@hrmoroz",13400
"1296","@qcupid",13363
"1297","@RepMattGaetz",13311
"1298","@benjvmins",13299
"1299","@southwestair",13280
"1300","@thelastjaedi",13276
"1301","@gussooficial",13265
"1302","@spin9",13245
"1303","@501Awani",13221
"1304","@drsanjaygupta",13220
"1305","@FirstGentleman",13213
"1306","@jordanschachtel",13190
"1307","@airjordan94",13182
"1308","@drmeowza",13158
"1309","@ironbutterfly10",13129
"1310","@aqfiazfan",13113
"1311","@maxiiszvanz",13105
"1312","@romeyrome7",13099
"1313","@jthebizdev",13089
"1314","@bethbourdon",13069
"1315","@stynalane",13060
"1316","@disxpix",13032
"1317","@repmariasalazar",12994
"1318","@fatouoficial",12943
"1319","@draensaari",12901
"1320","@codekungz",12869
"1321","@t3rr3z",12850
"1322","@himantabiswa",12835
"1323","@mohdkhairul",12812
"1324","@lmnhzd",12710
"1325","@RepMaxineWaters",12684
"1326","@billboardcharts",12635
"1327","@lanadelrey",12629
"1328","@sandwichghoul",12626
"1329","@thegentledyke",12554
"1330","@biharstudents",12543
"1331","@bidenfinnegan",12539
"1332","@cheldiokno",12517
"1333","@tristansnell",12498
"1334","@davidlparsons",12470
"1335","@jenniesrenes",12468
"1336","@laprofepaos",12457
"1337","@pledis17",12413
"1338","@SherriSantosMSN",12361
"1339","@JoshuaPotash",12348
"1340","@booksfightback",12304
"1341","@clitsanddoobies",12295
"1342","@lamkanahraf",12281
"1343","@irijackwaiten",12279
"1344","@alxndraisms",12267
"1345","@avrahamcoopermd",12232
"1346","@fadedinmylastty",12225
"1347","@ohitslex",12153
"1348","@rachelkiki",12080
"1349","@nursesheepie",12071
"1350","@dylanthyme",12062
"1351","@sofistadium",12019
"1352","@rominasandeer",11972
"1353","@bmjlatest",11969
"1354","@keyon",11965
"1355","@CMOyeks",11948
"1356","@nigelfarage",11921
"1357","@pedsgeekmd",11887
"1358","@scenyor",11882
"1359","@armandhani",11834
"1360","@drsyedhaider",11734
"1361","@grosdoriane",11699
"1362","@itsjoebro",11680
"1363","@fkabudu",11618
"1364","@AfricaFactsZone",11555
"1365","@nextgaara",11555
"1366","@dobbyclub06",11523
"1367","@notandnam",11489
"1368","@cixdle",11398
"1369","@pompopai",11372
"1370","@bioleticia",11291
"1371","@sofiiherrera",11290
"1372","@DrDzul",11284
"1373","@ashakiiii",11281
"1374","@outiowill",11278
"1375","@chairmanglc",11273
"1376","@yiyieeen",11266
"1377","@i27ss",11241
"1378","@ericspracklen",11198
"1379","@bnonews",11194
"1380","@partisangirl",11138
"1381","@plmanseau",11117
"1382","@MyFavsTrash",11009
"1383","@treasurevotes",10937
"1384","@senronjohnson",10894
"1385","@travisakers",10763
"1386","@willtbh",10746
"1387","@idaskibenes",10725
"1388","@helpmeimskek",10720
"1389","@ranojpegu",10678
"1390","@marcusrashford",10665
"1391","@ABC",10652
"1392","@drtomfrieden",10631
"1393","@Pogllins",10620
"1394","@shawnsbreathin",10547
"1395","@vicderbyshire",10522
"1396","@osakacoronav",10494
"1397","@lateefsaka",10376
"1398","@possiblymadness",10347
"1399","@ijaicool",10346
"1400","@haruharuwbts",10258
"1401","@armyteamiid",10215
"1402","@ayoair",10214
"1403","@DearDean22",10192
"1404","@OfficiallyAlly",10177
"1405","@5ecretnumber",10174
"1406","@peepzii",10162
"1407","@dgurdasani1",10094
"1408","@takterqyira",10083
"1409","@antoniokeko9",10080
"1410","@thefineassbarb",10073
"1411","@jvnggkuk",10067
"1412","@thestandardth",10008
"1413","@acaiijawe",9972
"1414","@BolsonaroSP",9957
"1415","@ieralee",9893
"1416","@ol7nnon",9883
"1417","@anthraxxxx",9876
"1418","@pcaradusa1",9798
"1419","@felipeneto",9795
"1420","@tastefullytayy",9651
"1421","@nongbuahup",9639
"1422","@NCStinn",9583
"1423","@goodmiad",9529
"1424","@jonijonijoni",9519
"1425","@YouTube",9474
"1426","@sudarush",9428
"1427","@mikito777",9421
"1428","@betsyrodriguez",9397
"1429","@NicholsUprising",9362
"1430","@KHJEsq",9332
"1431","@samanthariggs",9298
"1432","@johnathanperk",9234
"1433","@aprilbabybaby",9214
"1434","@fAiDaRaveE",9213
"1435","@Imamofpeace",9181
"1436","@ginacarano",9159
"1437","@shonakldn",9155
"1438","@poemsnpatron",9137
"1439","@dglo4me",9131
"1440","@SecPompeo",9121
"1441","@gladysb",9068
"1442","@beautymilk",9006
"1443","@trejames",8997
"1444","@PanamaRedin215",8985
"1445","@timcast",8937
"1446","@globaltimesnews",8932
"1447","@syazwanismd",8919
"1448","@fphilippot",8889
"1449","@jackjohnsoniv7",8810
"1450","@LBGEEVEE",8737
"1451","@pierrekory",8696
"1452","@topazine",8686
"1453","@WSJ",8677
"1454","@AhlulQohwah",8671
"1455","@hotsh6t",8657
"1456","@ChinaDaily",8641
"1457","@aslavitt",8631
"1458","@TheWorldIsY",8533
"1459","@hels",8474
"1460","@tanawatofficial",8336
"1461","@jacobcabe",8322
"1462","@campbellclaret",8281
"1463","@boom13003",8270
"1464","@MoHFWINDIA",8040
"1465","@peterhotez",8027
"1466","@TrumpWarRoom",7942
"1467","@peterstefanovi2",7817
"1468","@KarluskaP",7808
"1469","@martineekag",7760
"1470","@CorneliaLG",7741
"1471","@haramaininfo",7736
"1472","@PrinceHAK33M",7676
"1473","@CNNIndonesia",7610
"1474","@SJimons",7540
"1475","@susyrug",7539
"1476","@DrPaulGosar",7526
"1477","@paulettasofia",7526
"1478","@ronkelawal",7512
"1479","@moodyknowsnada",7506
"1480","@fantagiomusic",7455
"1481","@francisnyc",7413
"1482","@larata",7312
"1483","@popplioikawa",7285
"1484","@eljorrgguod",7249
"1485","@fabiofaria",7193
"1486","@Nazeefah",7126
"1487","@KemluRI",7120
"1488","@prismnolight",7110
"1489","@bease11",7094
"1490","@janyanis",7067
"1491","@business",7055
"1492","@inteldotwav",7033
"1493","@msuppasit",6975
"1494","@DeanHareethhh",6884
"1495","@PDChina",6859
"1496","@sjs856",6819
"1497","@HtownBabyG",6735
"1498","@PrisonPlanet",6692
"1499","@ohgeminii",6662
"1500","@ChrisMurphyCT",6555
"1501","@JeromePolin",6506
"1502","@cottoncandaddy",6477
"1503","@TomValletti",6470
"1504","@lachlan",6431
"1505","@WBYeats1865",6403
"1506","@joeborellinyc",6383
"1507","@MrVop",6362
"1508","@roseareyes1",6361
"1509","@humangiri",6311
"1510","@bancha333",6300
"1511","@nurindanisha",6113
"1512","@ap",6050
"1513","@micheljessica",5979
"1514","@tinyunhwa",5934
"1515","@kidmanscill",5884
"1516","@restivogab",5758
"1517","@jdrogers",5698
"1518","@celiasanchezzzz",5690
"1519","@mrspaceman",5606
"1520","@maxbrooksauthor",5555
"1521","@ravaskar",5511
"1522","@Melbrooks",5503
"1523","@jkirk",5442
"1524","@MarwanCendawan",5385
"1525","@ariannalp",5181
"1526","@Nyscalo",5070
"1527","@JordanRowes",4943
"1528","@ke11ybender",4857
"1529","@libsoftiktok",4826
"1530","@ggreenwald",4777
"1531","@RomitBMD",4646
"1532","@labisbeticah",4396
"1533","@mysevenwhaliens",4371
"1534","@whcos",4327
"1535","@HyundaiGlobal",4325
"1536","@meaw8588",4265
"1537","@reneeyoxon",4230
"1538","@ConflictsW",4107
"1539","@ANI",3765
"1540","@btsupdatesger",3352
"1541","@HLGatell",3283
"1542","@ezeokolorie",2427
"1543","@chelsisright",2400
"1544","@timrunshismouth",2390
"1545","@sensanders",1911
"1546","@komsakaddams",1809
"1547","@lukewearechange",1733
"1548","@philsandjenn",1714
"1549","@tagemeiqi",1452
"1550","@FinanzasTime",1430
"1551","@RichardEngel",1427
"1552","@maureenjohnson",1274
"1553","@ezracheungtoto",1210
"1554","@StandNewsHK",825
